ds,yhat,yhat_lower,yhat_upper
2014-01-01,77.85374485333023,-0.5767880803354857,163.59535618340988
2014-01-02,57.252328788055266,-31.46787752958398,140.0134105979984
2014-01-03,64.21784191164323,-21.818538334814747,146.123711114345
2014-01-04,112.15462067569322,36.267766062513594,197.59675687637124
2014-01-05,65.96315964942427,-17.553826779302792,154.61536737190897
2014-01-06,33.91189003257984,-53.72493634453348,115.10285490909038
2014-01-07,27.712515898447652,-55.96674372293037,114.76536297062502
2014-01-08,48.25419860152299,-34.76219887521728,136.45105032921597
2014-01-09,41.41228045697982,-46.82909610950564,122.49384874925575
2014-01-10,62.79372276896561,-24.95935631684697,151.82150543585766
2014-01-11,120.37483521047982,41.71617321121223,208.00587227981566
2014-01-12,79.50442125722694,-2.8996781335313124,165.35226040625443
2014-01-13,53.313924833893296,-33.95559918349441,136.8884465166227
2014-01-14,54.14432832817259,-32.23311107909706,140.43168859326005
2014-01-15,82.10506116373409,3.6164401383275586,174.04950644449903
2014-01-16,69.64191080391576,-12.111184911878935,158.5660648238961
2014-01-17,87.28268538468545,6.552506450945974,168.58541697650094
2014-01-18,142.33268923369394,62.86860037363572,224.5755538791477
2014-01-19,103.72718354995814,21.518246635588845,182.205802351239
2014-01-20,80.61559356512491,-3.811467668269911,165.92196987675757
2014-01-21,83.45312203161116,-2.951475824210377,170.8969885886961
2014-01-22,113.22549921398408,30.180039679493653,193.137306768564
2014-01-23,102.32803423828693,16.582248914910693,189.41563731538326
2014-01-24,118.2061197790625,31.01314955944774,199.8815222546101
2014-01-25,172.64401667947627,83.90582393940682,253.97962167191326
2014-01-26,132.09548433477602,45.96119340294427,216.3216183873684
2014-01-27,105.5118329256363,21.069479738538433,194.26601929268708
2014-01-28,104.22106472019581,23.257414216062354,185.5746900719047
2014-01-29,128.08700461372274,44.628033873584464,212.12444475468638
2014-01-30,109.57921517753647,22.106974572352353,191.01213321827265
2014-01-31,117.96740948896118,44.539204265422164,201.87534892770543
2014-02-01,164.03306840632595,83.87493011109386,248.08910897512544
2014-02-02,116.61177248241435,34.077504938689835,200.44249409983206
2014-02-03,84.1335066425669,7.610502138327471,168.10009696054865
2014-02-04,76.10979809603745,-3.2340204470604763,162.33831907465546
2014-02-05,95.34020908148698,12.790295706039611,170.9458358444104
2014-02-06,76.59329961564146,-5.105245927255247,163.41142593692678
2014-02-07,81.88950710982235,-0.2804750914512565,158.33703107508376
2014-02-08,127.33112002129496,39.774497296414665,212.11297151602292
2014-02-09,77.6580322771774,-8.973356848165254,171.35031533060615
2014-02-10,42.63718187713597,-46.1967163862481,123.78562220962226
2014-02-11,33.06096018156683,-45.3500555954654,116.39164879308423
2014-02-12,124.81126973873816,37.773707677975835,209.6295496050119
2014-02-13,104.80599457876721,22.047045948619868,185.70250658455348
2014-02-14,108.23710254402198,26.53975824711733,196.22448640334832
2014-02-15,152.784971607289,70.02898723046836,235.97103520122556
2014-02-16,103.46482233394568,17.911588086486088,185.45050256641193
2014-02-17,69.10575944647803,-6.9086297690730225,151.56512494493415
2014-02-18,61.25739667633121,-23.270464840528323,143.14304577867307
2014-02-19,80.80758088953127,-5.3681653388979775,164.3401073722619
2014-02-20,62.07178918211824,-19.554008248455727,140.67948054560088
2014-02-21,70.50447019750854,-15.829562200462904,156.87878536955827
2014-02-22,120.3726646873224,38.53830617943763,204.69942085246984
2014-02-23,76.63787990477005,-6.70364978595771,157.02390631380032
2014-02-24,48.32649853537988,-40.01151279471783,127.86847029557896
2014-02-25,46.41237838669588,-29.112073838993535,130.55108800167798
2014-02-26,70.96409544014688,-14.264927385444944,149.86817781273567
2014-02-27,57.41712493156294,-28.172863771295784,140.29016268536637
2014-02-28,70.73846031844056,-12.840845708254937,157.45433616651212
2014-03-01,125.38263323226741,39.02940231452643,206.2802512829499
2014-03-02,86.2348152154666,2.562802379218678,168.7245556571117
2014-03-03,61.72639452564634,-23.86211211065009,148.73140824275782
2014-03-04,63.77142214532257,-16.54321029079606,147.70991988987336
2014-03-05,90.89595960386468,0.009455854858467167,171.21909192479237
2014-03-06,79.656383073478,-1.3965259779837376,158.89979700637906
2014-03-07,95.04212402450295,10.685199806990306,184.5992419404025
2014-03-08,150.53192096649013,66.5377681360646,240.02093673253748
2014-03-09,111.68804048360303,31.93490558261549,202.7170291581272
2014-03-10,86.79183550597523,4.234970071609631,173.899805103794
2014-03-11,87.49242498940626,10.558866027837928,176.71245378111067
2014-03-12,111.53264481884672,28.921807315717547,199.1304771810425
2014-03-13,87.19751296141527,-0.29475449625469347,170.34521809526413
2014-03-14,99.59548079684151,14.830527806201413,183.89586936529005
2014-03-15,154.07491674059352,72.0618025132818,247.9823313620719
2014-03-16,109.50083671693693,22.57737416701103,194.95452618111213
2014-03-17,81.55918744958255,-3.9249957031032694,168.3429304391933
2014-03-18,78.86121572825866,-2.979091272532759,169.97836156684698
2014-03-19,101.27764546764934,17.34381213069101,185.38903030794665
2014-03-20,84.31358777330593,-2.100765869852582,169.8727835930436
2014-03-21,93.69853702807887,8.018607739878199,173.35625181806023
2014-03-22,142.71679678432074,57.59663894622384,222.9403169736056
2014-03-23,97.51144406164698,20.011826678461514,186.27889766806172
2014-03-24,66.88475661392926,-17.414409122225834,143.98489598859837
2014-03-25,61.15321445831603,-28.767356137815714,140.28823506251175
2014-03-26,82.12588231697703,-1.5516461957495624,161.99204182977007
2014-03-27,63.701900182604376,-16.63870834178924,148.48609811561874
2014-03-28,71.54243044315322,-18.97151939824256,146.00745418069226
2014-03-29,120.88716740552235,37.7503170729021,202.8346039863642
2014-03-30,75.3028542953071,-7.277559372424073,159.19059143496054
2014-03-31,43.889502948642,-34.011269449395805,122.0721119694022
2014-04-01,38.56404404099765,-44.93281289982031,123.03353427420059
2014-04-02,59.34736448356315,-23.51482218238853,140.63256299942202
2014-04-03,41.631933996404264,-39.982385903804136,128.48790963802398
2014-04-04,50.686200446521084,-32.377921354854664,134.35280960065552
2014-04-05,100.43962438778235,15.185942220505936,182.8499006630405
2014-04-06,56.78942092384878,-22.075442712401653,140.3260335774386
2014-04-07,28.447842735051065,-56.746596152742235,111.575727371604
2014-04-08,25.893176482787137,-52.10233015418037,110.28984347301441
2014-04-09,50.910793240362274,-31.451324927340732,138.568742627157
2014-04-10,37.12099075430675,-42.95208403123314,119.38201173099056
2014-04-11,50.756049499913296,-29.6737033610344,126.2657677889371
2014-04-12,104.45855688510508,21.112360619254954,181.40025985415446
2014-04-13,64.12432258500411,-18.793729201421122,149.66025891065158
2014-04-14,37.81286142094905,-41.81486780174296,123.05882906984299
2014-04-15,35.62254110550069,-49.1680375120945,118.71709348993075
2014-04-16,63.152806622924366,-22.07648254874761,151.25019052383794
2014-04-17,51.279064685232406,-36.73944460697819,132.9910182189067
2014-04-18,65.82467023383636,-15.671865711959132,144.14929313428624
2014-04-19,121.07131698756596,34.907226611671,200.40454285626828
2014-04-20,81.81374438681614,5.0401590277504855,161.7049121250734
2014-04-21,55.434615737052134,-29.787875234641533,139.0136746788767
2014-04-22,55.24681600782044,-27.365166562110314,144.09526664580343
2014-04-23,81.09948876252142,1.702345207760349,170.08193284562628
2014-04-24,67.26094752543395,-17.81047885782252,151.80929280546923
2014-04-25,79.76136724343988,0.34884692055376193,167.00349654579264
2014-04-26,131.91570179439907,47.948336908942,213.16585636170407
2014-04-27,89.12816734920321,2.9345407923886446,167.19529558487181
2014-04-28,60.62395830536388,-24.13092703704822,139.54135394909002
2014-04-29,57.31737806077363,-28.418703577584733,139.67181348928494
2014-04-30,82.90623488368603,-2.088796828403413,165.88804958624067
2014-05-01,62.99715400656347,-21.728206370882884,154.4181074935392
2014-05-02,70.9799599929963,-9.085491691628903,152.51013110951143
2014-05-03,131.2349612712855,50.61288006957669,212.928242382794
2014-05-04,84.10047358521203,1.8087820504749335,171.6733598716173
2014-05-05,51.558514289509674,-27.17810198578084,132.7509085336349
2014-05-06,45.33216336518323,-38.21241348782354,128.84587901555804
2014-05-07,70.27834651802628,-18.90166694529491,151.22793725777362
2014-05-08,49.37867595804113,-33.246961577956036,138.1552736928064
2014-05-09,57.48000475148101,-28.497106415563614,136.68672534606682
2014-05-10,104.64719992541424,22.87544336954121,183.46262311183696
2014-05-11,57.56927589665641,-23.223277052493295,137.46421186198643
2014-05-12,26.61421375397827,-55.78412698197704,106.27928284800132
2014-05-13,20.45996826819873,-57.01563735282548,106.97089495555593
2014-05-14,42.8634726487741,-37.09607242982487,121.278941036248
2014-05-15,29.152797670902768,-57.94230825808442,115.61409383631293
2014-05-16,38.971825352149,-46.84003851212748,115.32633189545017
2014-05-17,87.67786549790742,1.9638534876266647,177.5385678578775
2014-05-18,42.46855616325932,-37.44332842886706,118.49183338836919
2014-05-19,14.212208950732673,-68.47342944652085,96.12286739809241
2014-05-20,13.319928110354574,-74.21142718376151,96.78520392337279
2014-05-21,32.46312540901755,-54.69623982831324,119.29560375616191
2014-05-22,22.634689598520737,-57.417698405117264,106.8428107137873
2014-05-23,35.81416207189075,-51.548848994572666,120.77106365535326
2014-05-24,89.66507575032387,3.900166857705979,172.34242020621443
2014-05-25,49.95428075240099,-34.09036154535847,138.29256740632025
2014-05-26,25.97864475794329,-62.78330562668434,106.10799325574698
2014-05-27,28.020726143973576,-55.714493950641774,115.00756929373244
2014-05-28,76.24563122461078,-7.6715850799881204,151.60628721337926
2014-05-29,72.91823732335155,-5.392093785263931,150.2026362975
2014-05-30,81.7095771196376,-6.267604715225454,165.15130411207463
2014-05-31,137.71303292921283,59.81019641483383,219.68592553102573
2014-06-01,99.2184480593213,8.747197418175555,179.13604549300658
2014-06-02,74.7706050055593,-8.852756349322076,157.33845573978675
2014-06-03,85.62630051013288,5.655262078924596,162.2858231292568
2014-06-04,110.44260825502617,26.849624184245773,189.80541327409514
2014-06-05,96.3434454575891,9.749423124310221,183.1576649408855
2014-06-06,109.44149041630598,21.66960006073428,186.4958082815016
2014-06-07,160.6234273731128,77.48627694237005,236.9353490249212
2014-06-08,117.49504349264228,30.51808152408606,193.83999645454193
2014-06-09,88.65915299127295,4.895664526236892,175.57035789950703
2014-06-10,88.08302162419392,4.663985498773595,171.72017205545558
2014-06-11,116.31609937062662,37.29077149304138,206.57430300579736
2014-06-12,118.8982941195521,37.213262629381646,201.21159814731183
2014-06-13,112.61312926299186,26.35970053172694,194.41796193935033
2014-06-14,165.15974176182445,82.81903708168657,246.7458329303867
2014-06-15,122.3261065257212,37.50880153297538,211.23985531439837
2014-06-16,92.93680968248505,13.41503272722009,173.61817221211928
2014-06-17,88.66971203937598,3.2375404509969545,174.77845322015827
2014-06-18,110.9875340833598,29.170578163089097,195.92739738856758
2014-06-19,95.67266700459291,9.694426352912286,178.48292335451595
2014-06-20,104.59433271597669,16.947267209567517,182.64237308220507
2014-06-21,153.53687740923175,72.37402610001641,233.3499113802652
2014-06-22,108.17951848901524,28.030047317544614,190.31091198968358
2014-06-23,78.03904660101915,-10.167595470819215,159.97930555418105
2014-06-24,73.16773496052137,-8.81459884934245,156.6256694689508
2014-06-25,94.06358137058871,12.979559730322496,177.10131645634627
2014-06-26,76.7574144141195,-13.48881899416055,154.15214002264338
2014-06-27,86.07155350443179,-0.3909586289438297,168.31318271516946
2014-06-28,135.055717125778,50.80741312585671,213.20236499545484
2014-06-29,89.33987299194472,7.199324689820243,174.1747809279104
2014-06-30,58.44069275592085,-23.41941714538604,147.48433467286313
2014-07-01,53.828171659720134,-34.479906654420084,140.32570584370217
2014-07-02,75.4914807622848,-4.354573839447726,165.2395941055525
2014-07-03,57.53349072590966,-21.213476325962002,140.50740529826012
2014-07-04,66.15939627499051,-23.027579193396136,143.61138639263996
2014-07-05,113.01863922076656,32.3392638341705,193.15799632034253
2014-07-06,65.81009785849228,-21.443946454687882,150.76739556077752
2014-07-07,37.02115672764772,-46.43176494735308,123.45000574413166
2014-07-08,33.95773085327785,-53.81465195314036,114.1423075947743
2014-07-09,57.42194084903592,-25.136891586471922,144.0664681840217
2014-07-10,41.585024621028566,-41.86280553621245,128.86014639810864
2014-07-11,52.826550697789735,-30.256422566910594,137.06405600701586
2014-07-12,104.92973807383777,27.330306333584144,192.5109847208119
2014-07-13,62.23304360959617,-23.744925508371125,151.05500552452938
2014-07-14,33.557278735255736,-54.00567803930174,115.7023235236516
2014-07-15,48.6483228811023,-34.5766292965307,131.3297154567152
2014-07-16,71.84116884354995,-14.373489465555831,153.45844119754506
2014-07-17,55.54221680342439,-21.757984445437067,138.0712386122939
2014-07-18,66.02647089831365,-18.34124285626642,151.65448137975824
2014-07-19,96.07724213308197,14.420847966439155,180.64333452824167
2014-07-20,52.381078229783554,-32.85365990600122,139.27979465193832
2014-07-21,22.63853848866298,-56.776972100091264,107.12561098776018
2014-07-22,18.288991168933336,-71.03199774855045,100.98385854870496
2014-07-23,40.39970303904738,-42.600959706542774,117.35934767424287
2014-07-24,24.439959329496794,-64.51507502344992,102.63793455554638
2014-07-25,33.77385944919372,-51.95931172612161,115.99390495102188
2014-07-26,84.04651215878158,-4.4238080763087595,165.81535047368413
2014-07-27,39.521019129456846,-47.598441535668854,116.41466161879715
2014-07-28,18.419732097310025,-58.33456663579331,102.54823218443207
2014-07-29,-11.313104841576724,-96.73666757517682,69.32772226348345
2014-07-30,30.873999456466766,-56.85545330271145,113.65418061303517
2014-07-31,13.064565463888698,-66.25642561344638,92.13152198056288
2014-08-01,22.439306422181993,-68.91792190502586,111.95225411814454
2014-08-02,72.78843471785522,-14.830123079328915,162.32158728140962
2014-08-03,28.79392105855532,-50.551539979417335,114.7615461702499
2014-08-04,-0.7579716760784265,-79.78563134317515,86.26539713230156
2014-08-05,-4.140239499498776,-85.64350540876745,79.19829105214059
2014-08-06,21.786875086366152,-60.965600700622005,108.7850796727654
2014-08-07,5.416638771862168,-79.04589053029734,92.10159936624336
2014-08-08,16.510733500552597,-68.1768981412568,101.42851075062342
2014-08-09,69.57627718087183,-7.629015253863349,153.03924329939377
2014-08-10,28.15726087950783,-58.894595240184685,111.21643243103412
2014-08-11,1.112684516341389,-82.33246704489584,82.99713159794169
2014-08-12,-0.14212037171355973,-86.82654715834761,82.11334644129047
2014-08-13,25.354890679597233,-53.33726827716411,111.65772454577662
2014-08-14,11.676455870258721,-70.72374883663294,95.9239136057612
2014-08-15,21.381157022025796,-61.634691270116356,111.78134142750746
2014-08-16,75.76111442730257,-9.216300506466201,160.55079620429717
2014-08-17,35.45744285382584,-45.86642748126548,126.04461725427944
2014-08-18,29.806524242205057,-53.191664792661484,112.92936647604064
2014-08-19,29.179902875157225,-54.35929995503003,115.44330134917065
2014-08-20,54.089215920006595,-31.309199512823838,143.01956924369378
2014-08-21,43.27917416743104,-40.684661896467944,131.19414531486598
2014-08-22,53.540442954772324,-32.24776638493291,138.45603479509444
2014-08-23,102.76771148934614,20.007844416144053,189.48331988294314
2014-08-24,60.10315292674435,-26.4427116537103,145.74605223690216
2014-08-25,33.23074878499947,-48.39878495889961,116.54667715308429
2014-08-26,32.38713124025901,-52.79430861101683,116.17555308216959
2014-08-27,56.09709760911231,-27.319878494856678,138.67390487413726
2014-08-28,58.41819009709896,-25.694782279544985,141.31903226871304
2014-08-29,52.322378907539026,-40.2428694027949,137.10788727948494
2014-08-30,105.30169771604534,24.751260114901726,187.35217023311458
2014-08-31,63.42805207324481,-17.561259518832063,141.69286610279647
2014-09-01,39.678405575077534,-45.864227408133026,122.4991709180155
2014-09-02,37.322303664879236,-48.2521739184272,127.50880408923543
2014-09-03,61.481757266974945,-22.655944003085487,147.7590681546854
2014-09-04,46.28900990843631,-42.34661911719885,121.4132745699039
2014-09-05,67.63398574027731,-16.806482676581837,152.94303935375962
2014-09-06,120.33222942510139,36.6502345899934,203.9100217813817
2014-09-07,78.35524318159605,-7.559594897149882,157.99669886581685
2014-09-08,49.66150468878677,-33.439289989317906,133.65482364230124
2014-09-09,45.35148433992889,-39.2761263792606,127.14203619770677
2014-09-10,67.86817733556325,-15.566718691304194,155.2370520424417
2014-09-11,51.837606708173624,-35.16348016529317,139.73600710829837
2014-09-12,62.2509872146273,-19.68602113956066,142.809239424195
2014-09-13,114.74687200768085,33.569863906433106,201.75672685200678
2014-09-14,73.5025564983838,-8.075483974484124,158.70602954252416
2014-09-15,45.502432208137336,-36.40994214869912,132.7697381917512
2014-09-16,43.33755686836969,-35.53233785334361,128.96887691593827
2014-09-17,77.31248816948084,-11.001115255389434,160.0358978404785
2014-09-18,63.77729637039223,-18.9202070275805,147.12587203206016
2014-09-19,78.56729601828282,-9.119737409269048,161.55865384926392
2014-09-20,138.16351621432415,56.298709991420495,222.94147136089973
2014-09-21,95.77503394205138,8.52121517647713,177.70292555944022
2014-09-22,68.27461074967003,-12.702258837686813,152.81655111473103
2014-09-23,65.23510313160301,-17.504757662732256,151.1782142097034
2014-09-24,88.50506073404182,8.043198471121643,171.09503340739982
2014-09-25,72.46637104197629,-11.25477079189965,155.27302874683465
2014-09-26,83.14407984370544,3.907028036940019,166.45701729856646
2014-09-27,122.64087829513917,35.334590514063166,203.1331762847678
2014-09-28,79.249844904225,3.34678257287206,166.38070280431916
2014-09-29,49.94819300285057,-35.46142004773279,127.69269805426438
2014-09-30,62.4014505736359,-25.72338308352095,151.11114908247998
2014-10-01,84.71878876541209,4.112852602222199,164.79654692807242
2014-10-02,66.5602625522645,-21.399913749915278,150.20788921040753
2014-10-03,80.38048940213261,-0.17502430251208945,160.66836186714997
2014-10-04,130.67911626169126,49.79694752111768,214.73567399983867
2014-10-05,87.0093333827603,3.291548601189421,175.17061040668997
2014-10-06,64.00701992121121,-25.825210356019834,144.7026254568558
2014-10-07,60.872004169662986,-24.39536426919737,145.06881777075193
2014-10-08,83.04681770636743,0.5647433453406634,164.44991576939248
2014-10-09,65.82523834971556,-22.5075725403171,153.86598326049707
2014-10-10,81.6263805265246,-6.034501265609103,173.54700573136193
2014-10-11,132.1556222761414,47.64770966905002,221.75408949520056
2014-10-12,88.82359967241767,3.494148865725127,172.56567447164898
2014-10-13,61.77199901448045,-21.92083037558479,148.68055914632288
2014-10-14,58.66649791113195,-25.2511248160918,146.30159198800425
2014-10-15,82.4457759213328,-0.49604147513523833,167.8091870443208
2014-10-16,67.85720740590773,-12.949660747755956,146.8724736531283
2014-10-17,86.93567448921807,-4.468518880292851,173.7218126219601
2014-10-18,139.82555468172205,53.3024649497538,221.68888909903293
2014-10-19,98.47879123123441,12.480103135206036,178.55774037764155
2014-10-20,74.00016370934648,-10.936617419829322,163.03952586152317
2014-10-21,74.91434807933054,-5.672103302579904,159.9096773215493
2014-10-22,101.09691411883605,14.0863257111242,188.90854336952927
2014-10-23,88.30734430117636,5.480635707688124,175.86802771046655
2014-10-24,102.82362447946568,20.00040933694754,182.7989906086314
2014-10-25,157.79208960628466,73.83701553342141,244.1998685148688
2014-10-26,117.80459735721058,32.30223568150496,199.10242359598303
2014-10-27,92.62672602665124,10.010179917590841,177.69577334262164
2014-10-28,92.70155928626181,5.194572182826388,176.69627838972858
2014-10-29,119.10580113638494,38.62974047632533,196.79082987485356
2014-10-30,102.69371194467459,18.09654847391447,188.749097068136
2014-10-31,114.9219579617058,32.53574456316827,198.72350592023113
2014-11-01,167.12010059299905,85.52663808155779,256.825677070863
2014-11-02,124.41764753915794,46.76388772098784,213.03099212623832
2014-11-03,96.44726837525621,13.650989710868693,180.62039664877474
2014-11-04,93.48980394146776,12.152257235314664,174.75872903379226
2014-11-05,116.38715636751834,34.64668144976371,197.54128041108
2014-11-06,99.15176798651372,15.122618709748961,178.43842578179527
2014-11-07,107.47782907386392,30.60451388558251,186.55838674116652
2014-11-08,149.4038320664456,64.50980687456509,234.7299665910146
2014-11-09,101.11035751198659,15.322087560988129,182.3763228393667
2014-11-10,68.74975595432547,-9.776285629690339,154.24854671693606
2014-11-11,62.475774868663876,-23.071531600990706,145.30360207978774
2014-11-12,80.41096522717362,-4.045657113145091,169.3907096595545
2014-11-13,59.17814268199149,-27.846390378480642,138.8127768472053
2014-11-14,64.52766781970901,-19.369462996034542,149.69994050039213
2014-11-15,110.47781561883603,36.705143271650556,194.58830707270215
2014-11-16,61.53688138512903,-23.079382429749305,145.55566214442698
2014-11-17,26.65557549859266,-48.08069580718392,114.09273301323375
2014-11-18,17.30631561435287,-64.64280980014564,102.07031587877812
2014-11-19,34.783993332785386,-47.65507836177097,115.08584636759117
2014-11-20,16.02217222912673,-65.44939429740505,99.31799119761943
2014-11-21,21.824415657870638,-55.073003443938255,104.88614367132628
2014-11-22,69.03841565843068,-13.81970780973122,154.9084801394607
2014-11-23,22.116501561300545,-63.7199983400172,104.63467003886615
2014-11-24,-9.963761432630065,-96.38435794268015,77.0894324392407
2014-11-25,-15.70537000852704,-94.13441664372803,71.19303057286281
2014-11-26,5.938901012442614,-78.81975395443182,92.21401935599359
2014-11-27,-10.885924755536152,-92.89466668738213,79.35739822819303
2014-11-28,0.12810493796915523,-86.25952695798209,80.06599479173842
2014-11-29,52.93053052460313,-34.76263950624412,129.6703325136366
2014-11-30,11.877854112926514,-68.00782170595346,99.65611384514659
2014-12-01,-14.211818637063587,-98.09051297299705,69.35032691272436
2014-12-02,-13.93380272498689,-98.11298712981642,67.05088977058877
2014-12-03,13.636834648445912,-70.33169628267096,99.07555716254234
2014-12-04,2.5240639171893946,-76.40774934287532,85.75174808997188
2014-12-05,16.07882493067521,-67.49909615846543,95.84811694240257
2014-12-06,73.81989556807144,-9.374500185871044,153.5237366454109
2014-12-07,37.16245318294616,-43.97143639733653,119.52465351925501
2014-12-08,14.834543880983198,-68.83810603475875,95.905437222975
2014-12-09,18.164257478903387,-71.54762790723981,97.94070913568805
2014-12-10,48.015171753253746,-31.38891522785197,136.94150216607417
2014-12-11,38.366581364491196,-44.108729780279575,117.0513176954931
2014-12-12,55.382398417712245,-34.50216851807508,139.42057727687205
2014-12-13,112.89308483933497,27.762689532448206,201.49285965046903
2014-12-14,75.16387622866256,-7.487975828088539,162.73014923276764
2014-12-15,60.529068542871315,-21.0778230835268,141.91578007179947
2014-12-16,61.87800078086451,-21.13296746237271,146.41556712632644
2014-12-17,88.97788594278616,4.10365515982575,170.66530124195037
2014-12-18,72.60163339945379,-4.828847355594895,161.98222355011453
2014-12-19,83.76994053999128,1.9178303569567783,161.0649356788173
2014-12-20,134.42249207984054,45.94859939582718,214.69294969273065
2014-12-21,89.76513163002194,7.139853533454274,166.81599618969688
2014-12-22,61.22658394482545,-23.981839156803506,145.37399411614922
2014-12-23,56.40138375864376,-29.362930343142555,140.69415579067658
2014-12-24,77.25515026259566,-5.345146835817726,159.3735105194933
2014-12-25,58.37021771144898,-28.12132651776389,137.65210819630087
2014-12-26,65.63943788429306,-17.90754680333713,145.68099979035352
2014-12-27,117.1877596562975,33.38347956778432,197.05760692640757
2014-12-28,69.56007803052027,-9.689825728025163,154.11951134364546
2014-12-29,41.20444103850865,-42.62963320310545,129.59719565559396
2014-12-30,32.838518120761606,-42.90808771964429,117.30491696200885
2014-12-31,51.7926980920915,-36.91739419874384,134.11802248803718
2015-01-01,31.768755821785348,-49.64547903995357,117.5006269912554
2015-01-02,39.28592843599947,-37.993857265645445,124.7233757535769
2015-01-03,111.63346629864122,24.772590989885188,197.15103856549825
2015-01-04,65.99573613681014,-12.904281698529608,156.85490344238445
2015-01-05,36.868848349781295,-44.97895654591189,123.22530716812201
2015-01-06,30.867608771240953,-57.296833716412145,114.26028656719565
2015-01-07,51.895568648303694,-31.853352660927982,137.9194057297954
2015-01-08,36.1411368869711,-46.02804923422721,118.08958290294103
2015-01-09,46.82422278294408,-38.81648111652976,123.4985291650579
2015-01-10,98.96740720538719,13.362315305509203,177.79778728372622
2015-01-11,57.44388536262386,-24.443860539240003,143.03782487757348
2015-01-12,30.889510200208193,-52.320913718625604,114.65978892719863
2015-01-13,31.067774067916773,-53.7894727505437,113.18948722044809
2015-01-14,58.03619898819676,-21.418161417604463,142.43243517994202
2015-01-15,44.12052042074965,-36.87771434438299,129.59387818338897
2015-01-16,60.46547835716661,-23.91113534705765,134.83742788541662
2015-01-17,117.8853054853836,29.723422223818186,202.04184018951284
2015-01-18,81.0910377023416,-4.958212701597952,166.69655560444252
2015-01-19,58.92401722371174,-25.035594109356488,138.25622798974493
2015-01-20,62.19786261669945,-22.345175641172382,148.78276812291054
2015-01-21,94.21486802183495,12.436398501129249,177.19314024530837
2015-01-22,84.3832820281168,4.129090042628439,168.2276712311324
2015-01-23,101.19001642261927,17.062036244079366,188.44915591426619
2015-01-24,157.5913575358782,74.89944300387374,242.46429937722675
2015-01-25,119.84205914771631,32.459212116522096,206.16983310225217
2015-01-26,95.13841916744032,14.401073349416954,177.28959358904243
2015-01-27,94.71881210181398,7.1122146077199275,180.25243769350058
2015-01-28,119.21611911880743,36.20473023525068,204.68238625353365
2015-01-29,103.93263406785483,21.330986972793948,190.95009252522647
2015-01-30,116.41079241350653,36.461276966236184,198.76698664819827
2015-01-31,165.89865678895598,83.10273455927735,244.86775879774365
2015-02-01,121.4657681010936,36.93651749699288,207.94659737264675
2015-02-02,95.32546222078685,9.323638654032203,179.3661877741611
2015-02-03,91.48107334406373,8.824751466327832,172.5265255903192
2015-02-04,111.5707605877094,24.439907328783704,195.36862521351796
2015-02-05,100.2396444817613,15.193297123935489,177.7016611193728
2015-02-06,109.10094324865302,23.89690229249824,191.06493313732193
2015-02-07,158.22121225061335,73.15369863198563,240.74680072419122
2015-02-08,104.73023910415819,25.94947265697786,190.61387070394997
2015-02-09,69.02273765515216,-18.275204540336194,148.26925852581948
2015-02-10,60.04690648938225,-26.199705671261974,147.4729202664366
2015-02-11,75.77966111412921,-7.005040587922353,160.5705364098682
2015-02-12,33.42828781250826,-48.46968874934536,123.80097741895554
2015-02-13,37.10773886453608,-45.69004276176021,119.36863075840046
2015-02-14,81.78916543166994,-5.814796080951955,167.67494868210466
2015-02-15,32.68571557311902,-51.658221609224526,119.2327265284634
2015-02-16,-0.7054709598545941,-78.40542611479613,85.29280889948296
2015-02-17,-9.200363711800051,-87.7146861455879,77.23390685003585
2015-02-18,13.221856896274872,-72.54752877366097,97.45969529442532
2015-02-19,-6.702019807507611,-90.29643546933292,75.53564214933803
2015-02-20,1.0050974759536047,-84.49328777194559,87.71398668142736
2015-02-21,50.03015838960725,-30.643701159678567,130.0222295278067
2015-02-22,5.086878001806724,-70.6191827068861,86.12012407788976
2015-02-23,-24.354269714149623,-106.979203536239,62.10537835129358
2015-02-24,-27.356221838362302,-111.24913661545216,64.22570073666765
2015-02-25,-1.6230404997398438,-87.18513032404884,81.4007677559191
2015-02-26,-14.738025850193338,-102.7642017234735,71.7077949335046
2015-02-27,-1.7472973143663353,-80.24704055954827,81.33418222244619
2015-02-28,51.68892629907141,-33.20416393168259,143.5497256657251
2015-03-01,11.023067822157316,-72.34613091891683,93.80504502584542
2015-03-02,-13.921901556110768,-101.87666584898923,65.9143993027852
2015-03-03,-12.564999673044127,-98.08768136790809,70.3775776602722
2015-03-04,15.533765451045454,-66.88571883980204,105.4811517092761
2015-03-05,4.637672957899127,-74.90391004127066,92.63532975267005
2015-03-06,20.547509800480675,-57.00983262625206,111.07010689036578
2015-03-07,77.05204023022196,-3.7812574316250847,164.98749508950897
2015-03-08,38.78122030224632,-42.98646565829076,124.249811849595
2015-03-09,14.89192608378984,-66.47127011761769,98.77437988686596
2015-03-10,35.63399016450028,-48.3614129811922,118.28048809416275
2015-03-11,62.632011614071715,-16.352497081527325,143.91053333581996
2015-03-12,49.68775102639192,-39.722454918972105,138.00369818502352
2015-03-13,89.82674735408489,2.503469329881293,176.7859831544927
2015-03-14,140.67187091678684,52.448177107961435,221.0089923688375
2015-03-15,97.76141455816813,15.59249207739911,184.69923169002556
2015-03-16,69.4394092679384,-11.374791166250557,154.85886062164923
2015-03-17,65.46973669818288,-18.902233026005955,146.497135695203
2015-03-18,92.3776391713078,4.906098531470706,171.971531607864
2015-03-19,74.22302370483236,-12.783099350395904,158.09412142839633
2015-03-20,82.05204658768751,3.6303254470998616,160.11398762836802
2015-03-21,127.98272447432485,40.285119384829535,215.7371724490623
2015-03-22,81.92264090158523,3.311900887347078,168.97412417573298
2015-03-23,48.82909819247533,-32.428517064345705,134.2117218290716
2015-03-24,46.74683233452075,-34.12405500167953,127.43430303782685
2015-03-25,68.11935137576377,-18.580938317092155,153.7733944147109
2015-03-26,57.09411992435267,-22.481523136834916,143.7439135934315
2015-03-27,65.92548709858178,-19.510879284213495,149.36255703445573
2015-03-28,114.13937871555959,34.530598925035484,194.55792064968452
2015-03-29,68.0801377605494,-14.714162800962766,152.47483203364013
2015-03-30,35.99994187435453,-55.33252317607788,115.87012505410583
2015-03-31,31.184624721200507,-48.99218859507325,120.17950897046902
2015-04-01,52.83403551309512,-25.686572292284634,137.8668552559489
2015-04-02,40.95493324479087,-46.16269149554272,118.39387235653945
2015-04-03,51.9485704557566,-35.98420966849966,137.59742120320485
2015-04-04,101.73851032741157,20.522341919098277,183.75215866134218
2015-04-05,58.41631598204016,-24.247987359350656,139.1475795436992
2015-04-06,30.166804264537184,-55.26852505879888,114.88137824344871
2015-04-07,27.86734796568836,-59.4225054040836,112.2237259977888
2015-04-08,52.619041142452005,-20.703297924626014,137.20464090183887
2015-04-09,41.205564999085404,-37.92053646917495,123.0777118451548
2015-04-10,57.03582518611132,-27.166635939997132,143.2418290246071
2015-04-11,116.98292536074007,32.13466469838356,200.7158514850997
2015-04-12,76.83403213019044,-5.997360465927262,157.1448513679532
2015-04-13,51.498840414554415,-36.94443946058786,138.62114597683322
2015-04-14,53.110595359035855,-30.370323924827485,131.58830255278482
2015-04-15,79.71315333207927,-7.295709890491128,163.39759057980297
2015-04-16,67.9275979645125,-14.650405980439036,149.54936779200492
2015-04-17,82.77702803733699,-7.641262115308509,162.42305425756226
2015-04-18,138.16679208264787,49.47568049870834,224.65073262044
2015-04-19,98.70380751977663,14.25865804000847,181.99571391180547
2015-04-20,72.12251416988825,-17.42974273705124,158.37053463750925
2015-04-21,70.27562455372154,-16.568887217208133,156.55620785383798
2015-04-22,97.35105787685721,16.253319241368413,179.0869862801731
2015-04-23,83.4746756584571,2.4832897624269257,167.50279083716484
2015-04-24,95.8758577534917,11.107367167289508,175.26213884440844
2015-04-25,147.77221847778765,61.20301168787356,235.7508010451192
2015-04-26,105.66639475001595,27.573399744758927,188.9665556452883
2015-04-27,81.19258336199951,-2.403424889117245,162.9793029374367
2015-04-28,81.78698430029189,-3.228891455888084,162.60991604838748
2015-04-29,103.32406710325444,18.348966547287564,182.83868885948593
2015-04-30,86.56018098342759,-2.2504562530620493,166.9108407895073
2015-05-01,92.78561372308369,12.429703517604244,177.97062665337933
2015-05-02,139.8688795896328,60.34752005413291,224.4133338071273
2015-05-03,93.30634127225615,12.339188553655937,179.38548344896864
2015-05-04,61.72948469883724,-25.131606887788895,145.47460348791472
2015-05-05,55.826440816266114,-26.23310915231801,134.66097310823045
2015-05-06,76.17136598350399,-10.472330245325962,165.92162648578508
2015-05-07,57.02855695627247,-28.743526698455593,144.71475137861194
2015-05-08,64.71873621374219,-21.56449568597088,149.37056174083355
2015-05-09,133.00507452517587,55.43267420286643,212.27732497092566
2015-05-10,65.70797109080132,-12.322024806791617,146.43309742087396
2015-05-11,33.79646471816762,-52.72994115359641,117.54398538933084
2015-05-12,27.675169344102514,-52.224040206446034,109.75203044448838
2015-05-13,48.381971501334256,-33.04381347549418,130.2338967301181
2015-05-14,30.10644369144346,-55.85004367616043,108.83535320052273
2015-05-15,39.18330094316715,-42.59286781251275,125.88195111170195
2015-05-16,89.65589249446796,9.726867142404803,168.05465190973243
2015-05-17,45.91251453312515,-38.4878550731391,133.2137695326227
2015-05-18,16.839628287775597,-69.99809629329273,103.73136456879149
2015-05-19,13.902815352285614,-74.92897711063165,95.82599964297208
2015-05-20,38.135990097331934,-41.421395788122396,119.90354331916335
2015-05-21,23.633067752526102,-63.845207120935555,103.43591312412545
2015-05-22,36.67109064135767,-43.5613728175409,118.90493072852718
2015-05-23,91.17544986139757,7.836007400863435,170.5915677552945
2015-05-24,51.48603191124943,-29.275389707091442,132.71866470032708
2015-05-25,27.83221572437556,-53.903416300717325,112.82801102889266
2015-05-26,28.778374867975423,-58.99769934344353,114.43102457967609
2015-05-27,56.67734033261742,-23.495346955394727,144.4348599515295
2015-05-28,45.56926506213241,-34.9887041886251,125.79494986091196
2015-05-29,61.68065077758306,-17.577531722781256,145.34120668257398
2015-05-30,118.87033883380327,33.99197925594996,204.99440896703365
2015-05-31,81.43147758232405,-0.7869287210821171,159.19096778816495
2015-06-01,59.50412347270823,-17.51145501762966,146.22878025511162
2015-06-02,61.72833795941994,-21.74496416740278,144.48808454433382
2015-06-03,90.38779337925047,10.007400289339246,174.4117028474454
2015-06-04,79.51578556327041,-0.8568201121656176,165.1905967839564
2015-06-05,113.45999413885536,27.600714457060914,198.51692027705352
2015-06-06,169.68012453127795,91.64412159575134,253.52392948168693
2015-06-07,129.0029564809578,50.05833117615271,210.66831111189032
2015-06-08,102.27705338287115,19.616246592793495,187.80090669642652
2015-06-09,100.62092642166107,20.785313956074308,186.2113510745536
2015-06-10,124.6571978244009,38.05388342521205,210.035026437003
2015-06-11,112.13747936952791,32.69103957469936,189.53188610681136
2015-06-12,124.92257044716945,36.88455791075917,212.18757344945948
2015-06-13,177.4312159467878,95.84782733072323,261.19036500781476
2015-06-14,133.80425164323327,54.372761300831165,221.47610827129972
2015-06-15,106.64743218031876,14.13221664344764,190.87183378949624
2015-06-16,102.4989899715879,17.382731731366228,183.0417191191071
2015-06-17,131.5847238323832,50.474948503207706,215.94769419530937
2015-06-18,117.25304749718394,34.114400832714686,198.09305402534096
2015-06-19,125.24391339942383,45.557399285889424,207.83895803659564
2015-06-20,174.12881112451754,87.79454296174382,256.40894740346783
2015-06-21,127.57642117050682,52.618887771521095,210.30519587119758
2015-06-22,93.41878877751637,11.14733228102132,173.28808536279624
2015-06-23,88.11718076252514,5.295832041809402,173.41024846065926
2015-06-24,116.04638511736312,32.202087795359255,200.8864890087013
2015-06-25,97.32253145703054,14.163966318292422,180.6463048775856
2015-06-26,116.07785997090352,36.88089357064807,205.66853871327103
2015-06-27,165.04242690402458,83.73476047751626,250.14109152444493
2015-06-28,119.25039890733106,25.490399796579652,201.60506773114267
2015-06-29,88.82845330197065,5.998930047108706,174.73315336428993
2015-06-30,83.51318229205202,4.428874989868971,168.70110483632516
2015-07-01,103.75366761891401,19.934043980000226,190.75894842272507
2015-07-02,85.51454488718888,-2.862377042080444,167.12714996863872
2015-07-03,93.75004342022935,10.874632541798828,172.86184394315686
2015-07-04,143.16381965526634,62.345848355579975,225.18364118264503
2015-07-05,97.3945854984694,17.08268241404678,178.9257846984369
2015-07-06,71.10211071786854,-12.72280344178123,149.90546469242872
2015-07-07,68.80370543968837,-13.799110963346997,147.56833598948896
2015-07-08,94.1270396106163,10.056961148108414,173.781914432175
2015-07-09,75.8011711218293,-4.665477123645222,160.81365191379328
2015-07-10,88.4158627414777,6.379992102533855,171.00066473692826
2015-07-11,142.404461970798,54.43769189259316,225.70663371456573
2015-07-12,98.12709285104393,13.986363046121665,179.85461751912342
2015-07-13,68.79109187574686,-12.935336601890276,150.69827405232166
2015-07-14,65.40622123576067,-17.008031033594914,152.96395656851672
2015-07-15,87.30041263677667,7.301195201898323,167.66113071326606
2015-07-16,70.4498788355335,-14.372451348971778,156.15309796537412
2015-07-17,79.95451051867673,-3.1867279042011005,167.76709827298555
2015-07-18,134.33620394587803,49.742988831465155,218.55787547471976
2015-07-19,89.86555549776575,-0.5776348952527508,175.1664152622747
2015-07-20,58.91092606467913,-30.737371058786895,142.8002091042903
2015-07-21,61.400725996440116,-26.387070123251412,146.02302803421048
2015-07-22,85.01059503911462,4.548563143516157,170.29009142456502
2015-07-23,68.41015387691746,-11.019524890629969,155.17642891153483
2015-07-24,76.58421488640148,-4.66403368918234,155.7979262791297
2015-07-25,125.86946122519166,33.917342458189296,205.7875386946722
2015-07-26,80.57028777959749,-0.2112813096105445,169.81612508148788
2015-07-27,51.27955714089852,-34.73965233022341,135.8486125741979
2015-07-28,49.65605996144065,-35.16104469249604,132.81833804291998
2015-07-29,75.59231836540877,-5.858545581978767,157.79332813735124
2015-07-30,55.87744115664542,-30.15852856131343,137.3937387728508
2015-07-31,64.47120426025111,-24.5354736047709,142.1351278697824
2015-08-01,109.09487875721923,24.90440762702453,196.54266242107312
2015-08-02,65.24448436196687,-13.95354840817306,148.75951391467228
2015-08-03,36.2350727276392,-47.1314548561089,117.5697951316901
2015-08-04,32.57725679397102,-55.24306164299205,115.99534565513923
2015-08-05,55.5061289096151,-27.775898999521704,141.74599416896973
2015-08-06,39.58061763543483,-47.240661151941524,120.97338974798359
2015-08-07,41.18565152040725,-42.33428545036608,124.3215031042555
2015-08-08,95.78865085384628,11.673753878790052,179.69900759029787
2015-08-09,53.15850880417687,-25.2154757131716,131.7923370882332
2015-08-10,24.55562510118301,-57.04442361176582,105.84823633879445
2015-08-11,39.58608932468047,-45.7573202751229,127.343500095125
2015-08-12,64.80119924885557,-19.602590189191183,149.31509469358232
2015-08-13,63.10968907206406,-26.148606345764975,145.44242737274266
2015-08-14,76.9624063317311,-4.808341138979023,156.64376038832512
2015-08-15,128.05282854747105,45.756297689933966,212.1026802254443
2015-08-16,86.48822183218894,4.433432905073996,168.43055794566544
2015-08-17,60.15385501526679,-23.099840306123372,147.87313602213862
2015-08-18,58.28494631743109,-24.313672899832465,144.0009927081655
2015-08-19,82.09382447612671,-4.4662373193010305,163.83880097692222
2015-08-20,68.34567514013587,-17.60332472276278,147.8203922397964
2015-08-21,81.89691754628183,-0.2015212013706018,169.32135335495153
2015-08-22,135.7127893396919,57.44938846115663,212.19783886861833
2015-08-23,94.32098231819585,16.423373086514356,180.476499569743
2015-08-24,67.08481088878416,-18.406037985571395,150.10611281910397
2015-08-25,64.77344290186495,-17.43402603039138,148.82133837907017
2015-08-26,89.99511048127395,6.556704578893199,175.87596913510905
2015-08-27,75.99719125230025,-7.174423971302439,160.27190069807173
2015-08-28,86.53213014202292,0.5392642722427174,169.24127578210306
2015-08-29,138.61973899917058,56.96814128624794,217.32993359254644
2015-08-30,96.70109681305576,7.465412951640482,178.42305910019354
2015-08-31,70.2422497004564,-11.72035521427621,150.21403430688946
2015-09-01,69.10723326589441,-17.67223533055797,149.80887989743607
2015-09-02,91.46176869049583,9.228583668707389,175.33439477620465
2015-09-03,68.14376470707018,-19.08471631157403,148.76811620035667
2015-09-04,77.91060955102407,-6.004378540786614,159.76125714674134
2015-09-05,127.64942060098194,38.92070858513476,207.62948956148048
2015-09-06,84.56432626819222,4.508591320715271,164.0007810053469
2015-09-07,53.31081210239636,-29.888256977945364,133.83874927218105
2015-09-08,63.9995927296081,-21.84986433813776,151.28349267212613
2015-09-09,87.87639201645511,10.453038224396158,167.2383073919172
2015-09-10,70.17898116255972,-20.740432215653723,154.03333888055087
2015-09-11,82.08568528903001,-5.5363468868637655,161.79375778930174
2015-09-12,133.1099267727146,46.56219305621611,215.66881127944302
2015-09-13,90.50246401335568,11.373799393622866,172.409579961803
2015-09-14,63.33434726607611,-21.001150272913886,144.3246464121844
2015-09-15,62.50597960571429,-21.391096022667952,148.5094010919427
2015-09-16,87.18711675889651,1.5945963559525154,169.45089756076055
2015-09-17,63.08449912302262,-23.110747435212712,150.62173864478794
2015-09-18,89.30930769469853,10.828370595051553,172.99190094763867
2015-09-19,145.32624628801366,60.62183044172339,229.55867732385033
2015-09-20,104.29929709956664,23.06928530154499,191.70949564729605
2015-09-21,76.74283228966085,-6.735252162729649,158.45445469456877
2015-09-22,74.18228444344729,-9.061681550389709,159.12043773937864
2015-09-23,105.31815482970211,16.612747834554316,192.85674282776844
2015-09-24,92.62636617803207,7.928849965296342,179.59699211704697
2015-09-25,107.37517963337302,20.757267383267333,186.95528676186294
2015-09-26,159.4564034258247,74.05676777147976,244.6106848306331
2015-09-27,115.44390061338372,34.375484851958944,201.6365513206787
2015-09-28,89.08438654032186,4.198953337338581,173.23368112367018
2015-09-29,86.38639618312858,-0.0019818869916224547,168.3808394900704
2015-09-30,109.81327265548984,22.210370812189637,192.87064466053275
2015-10-01,93.02537851556195,7.325930225716556,180.49424472051547
2015-10-02,103.25275656667304,15.72135594869347,186.5927475608377
2015-10-03,153.922067687721,71.52080448864746,236.47928930313606
2015-10-04,110.39222388011345,24.239596102082345,194.24107402405596
2015-10-05,82.03375566487958,-2.8935374786138843,159.9484626857111
2015-10-06,78.11854567042896,1.6225431317380863,153.36217175248686
2015-10-07,100.9776446002523,15.890171389725737,185.98202711835933
2015-10-08,94.14357516081505,13.39475855523483,186.0396177876211
2015-10-09,104.6366543240367,7.9761147396046645,182.60174377872042
2015-10-10,155.42963947457721,75.43387434321299,239.7849969446481
2015-10-11,111.83729067237228,18.694379129364567,199.90186562572433
2015-10-12,84.70505141170378,-2.503692228179075,166.63070328491173
2015-10-13,81.26597438025739,-5.182980831971884,168.10335731910868
2015-10-14,104.69435777024457,16.050405353304754,185.2192259804939
2015-10-15,89.50634856219929,3.9524907357404326,176.71088447266425
2015-10-16,102.93120061845153,20.85178874854632,188.6608540427273
2015-10-17,159.4067066491705,78.65074444268939,242.17823085270308
2015-10-18,116.88784346801529,33.17705667385631,202.2942485264309
2015-10-19,93.71869732066843,6.387292380567948,181.2709284328552
2015-10-20,88.47640265125986,2.0209506856222026,169.14960164533713
2015-10-21,114.22956714949106,32.5925431790413,198.90644876983757
2015-10-22,109.01896215010238,26.373899217239103,193.13463972586723
2015-10-23,123.60952595640443,47.17296022345422,208.57903315754726
2015-10-24,178.32749335155438,101.30455313649516,260.62660680146
2015-10-25,136.19089863716331,48.67985599236397,217.96774128339507
2015-10-26,109.66361236997689,23.14240599950841,197.8778422865753
2015-10-27,108.63025588020432,26.373247040171645,194.385711255371
2015-10-28,147.82892497510764,74.73786198476618,235.02731434282774
2015-10-29,133.28574903383776,47.08910526470813,215.010488007058
2015-10-30,152.10573198465323,71.44888826501129,235.81065423221844
2015-10-31,207.37783272630946,127.5968704792422,289.6884311981806
2015-11-01,164.3862026680347,81.04854731086616,247.41909134895434
2015-11-02,133.92093226603637,53.60518411249334,217.7464634321552
2015-11-03,131.52179868967835,45.757205543510565,214.8453361023672
2015-11-04,162.79001190964144,81.87496594105649,248.40657408073204
2015-11-05,143.08761401916348,60.55290409862573,225.3623162411183
2015-11-06,156.4472837035575,66.98990321274599,242.41109237623405
2015-11-07,197.8193766618259,116.18516845086629,281.75263193983574
2015-11-08,150.74692135353823,70.76627641270004,236.26446215819283
2015-11-09,117.63751505283781,42.26546830632801,202.6816956113499
2015-11-10,110.39199598154725,23.042099501715317,202.10277854690176
2015-11-11,128.42803616491338,48.826957931880365,206.28248662414595
2015-11-12,106.5135745688693,24.721265184046025,187.55460159337534
2015-11-13,110.96770492623754,25.057329758835202,198.00666195752902
2015-11-14,164.52661676066742,82.78104885464154,248.7138478107317
2015-11-15,113.91546833743469,27.67520076964456,195.1505731104569
2015-11-16,73.36536356793324,-12.253168563447556,155.76213905485636
2015-11-17,62.85356060513684,-14.818870940039787,147.21528215921398
2015-11-18,78.67806203016673,-2.9532776319288763,166.2667534874538
2015-11-19,55.73263200905245,-24.463214360980317,138.46964883222785
2015-11-20,58.46769181952032,-22.576117654624817,146.56592168000034
2015-11-21,102.98012773173816,19.448511038555278,183.76335123336216
2015-11-22,54.16105459237263,-29.63267765421982,134.20387054193333
2015-11-23,21.28705226919918,-59.01269907049922,106.06549335615347
2015-11-24,14.660114930078947,-67.38455663462346,95.75899332350818
2015-11-25,28.53028316966558,-55.22374118648914,114.13187947866763
2015-11-26,10.417046642442443,-66.74509664644505,92.18551816302111
2015-11-27,20.39560308058573,-66.09713665125116,101.66063293328594
2015-11-28,72.15394590207917,-13.735941201657514,149.9770259699476
2015-11-29,30.071428315655055,-58.36442708277619,112.4102361652517
2015-11-30,2.988816711271326,-82.82730009782739,87.1797665684211
2015-12-01,8.012593501753301,-81.32337354007188,88.5776888991038
2015-12-02,58.31658883570187,-21.580963724039506,141.99252537624605
2015-12-03,51.379755580803504,-37.31435368737557,133.14460306281455
2015-12-04,65.76686563480935,-17.34256876816616,155.81665918819482
2015-12-05,123.39628131040173,41.74961649778957,210.58449466949358
2015-12-06,84.80715916489206,-0.6063865894334278,175.83335806423887
2015-12-07,61.15287523320666,-26.450869816203507,139.49762186624912
2015-12-08,63.32728750122438,-26.731934948736544,146.54895390667983
2015-12-09,96.30070409362209,10.597011235579366,180.5311764799635
2015-12-10,86.06965484578097,4.733557416937598,167.94886542156607
2015-12-11,102.89782968313745,20.66375847310773,188.6245689284166
2015-12-12,158.9398933321579,75.0804507404656,238.80306008343385
2015-12-13,120.24542049101859,37.28360014863262,209.423022201452
2015-12-14,101.49995415870666,20.357839713030444,192.0266703743731
2015-12-15,100.70666400484332,17.417358257824574,189.07820804930347
2015-12-16,125.99929742482928,42.13335282101881,212.73262631438917
2015-12-17,132.4325085179939,53.04181608930704,218.50836304317585
2015-12-18,143.29358932995078,62.87427356076209,227.9486173263196
2015-12-19,207.8210811858544,117.67507560612172,294.55557605022545
2015-12-20,161.50954195525892,78.18495706222787,250.21790812235017
2015-12-21,129.34680525696865,43.172422876066264,215.5644771246975
2015-12-22,120.15894474140497,35.71407488228936,205.6899809419104
2015-12-23,136.30346552468995,43.676532068134485,221.6722949547368
2015-12-24,115.96308754829663,33.29231056591355,198.50999276309304
2015-12-25,124.2434770092652,42.25446413031771,203.8317562656628
2015-12-26,169.87756277731467,84.14719050109875,256.2497378760755
2015-12-27,121.85364282316773,38.11212293094803,203.58673918266334
2015-12-28,87.69324079432816,4.978268226638239,168.08487622109743
2015-12-29,80.20891765047375,-1.036992865949705,162.563098861467
2015-12-30,99.3319466166739,14.06381280388578,186.1031558183428
2015-12-31,79.16455391727126,-6.381994710635555,167.74723775533687
2016-01-01,86.11683029450128,1.0477656334679526,173.4839755811499
2016-01-02,134.21215690158647,50.27995157861093,218.77916728718282
2016-01-03,75.24165390546163,-13.209801521460188,155.92731174625067
2016-01-04,55.46325019140529,-23.60856370777434,133.31859949573408
2016-01-05,50.0323023441167,-33.43568437016805,131.38684728474772
2016-01-06,71.84944515045083,-17.042945869465967,153.52352405088612
2016-01-07,55.12876902257452,-24.49255011916178,138.81561494635613
2016-01-08,66.134036584511,-13.731123795607008,150.70985014962966
2016-01-09,139.6303866510144,58.22462222854483,226.33666627167216
2016-01-10,77.7363575612587,-3.8503981664878704,160.9000513137855
2016-01-11,51.57578747917934,-25.31678969750226,137.33578601850127
2016-01-12,50.336488372818266,-30.560845904790213,130.0187917616835
2016-01-13,75.56545473138277,-7.772964908785723,158.7338605969199
2016-01-14,62.83297109012825,-15.361598646874873,149.39594315166977
2016-01-15,78.44837602888609,-12.852951047629013,159.3610600133507
2016-01-16,136.0953727455744,48.03974745408179,226.39086211033253
2016-01-17,120.53045867125505,36.55420919376882,198.53623716455542
2016-01-18,77.94032572796687,-2.0546666845269064,161.67220309942226
2016-01-19,81.8803192273669,-3.600269240884626,166.88018755991183
2016-01-20,112.45506630867409,25.751539953207185,198.67745370197034
2016-01-21,147.96536012843436,63.78087053449433,231.15726088312496
2016-01-22,166.05446797112515,80.32172662667877,246.3475978038886
2016-01-23,220.33309873445995,130.10690299013504,306.8334906772217
2016-01-24,181.08345604011873,91.91657894569278,261.89247058817153
2016-01-25,155.32845668393085,73.60930563662055,241.46427114940323
2016-01-26,154.82755203313715,73.86803615233532,238.25613439047038
2016-01-27,180.81546075322728,89.52994519916462,262.3633409235274
2016-01-28,166.4548606132508,83.5177168430729,255.19639152855547
2016-01-29,173.08471479591168,90.14420264729645,251.96702482541173
2016-01-30,222.6804629407635,136.83447933800662,302.34964488617885
2016-01-31,177.6648719601048,98.7101762944712,258.7963360171229
2016-02-01,147.07885670577133,66.37391443756525,232.7525001282903
2016-02-02,140.37644876306624,55.75045348044016,219.6502763986763
2016-02-03,158.1625669858808,70.40461146654336,236.20579479983937
2016-02-04,133.98035147563323,46.33234024637996,211.73050345124093
2016-02-05,148.57817111614355,64.28545840065968,227.07532084099054
2016-02-06,195.07734836656098,111.49376999838245,275.3705843743177
2016-02-07,146.30888682234252,63.08766123348597,227.62124447464515
2016-02-08,112.62851123828275,28.958376772468323,196.9525534168583
2016-02-09,102.08979427387887,17.53573116266308,183.80878728884457
2016-02-10,131.13007616036708,48.13642113000514,212.7289933896147
2016-02-11,107.53709861948639,27.138244600953954,191.71810557150752
2016-02-12,110.85993329375252,25.521388739196453,198.61848132420045
2016-02-13,153.79804598133623,70.59419459424194,247.49722964851662
2016-02-14,104.8893876010807,22.071297218759604,191.76494109621802
2016-02-15,70.39091649985403,-13.887526109639555,156.45832307999652
2016-02-16,67.55109686576023,-16.085629971829277,151.03485566670696
2016-02-17,85.17369226329937,4.284251141069844,170.38699148245573
2016-02-18,64.40633642539851,-20.22923122636541,154.72009440682544
2016-02-19,71.30996357045744,-16.82402357901236,156.53720577987693
2016-02-20,123.33961714766482,35.243324111953065,210.35548827481045
2016-02-21,77.54324965078001,-6.0241493919448175,163.55682801746667
2016-02-22,46.77786854500843,-38.69144090623206,126.10969433705331
2016-02-23,42.412562499257604,-40.82766149796628,124.21852640774196
2016-02-24,65.62240716231128,-12.294324572382516,146.8045739841266
2016-02-25,50.225089248920455,-34.45555550577798,136.85397317722484
2016-02-26,61.87593000545819,-20.5701740460213,145.78629560454786
2016-02-27,112.36510112967935,25.1782200602774,195.4680121026562
2016-02-28,70.02376445791914,-14.110817198262701,153.20377078738784
2016-02-29,44.0454915987919,-35.32087523127268,125.51509619860578
2016-03-01,52.68873399250934,-27.22707625368174,137.25675691498856
2016-03-02,79.22665653717013,-0.11762078274573075,160.40955995059642
2016-03-03,67.56189331294769,-21.53834090136285,150.4907720801515
2016-03-04,82.87719889909818,0.48596820486549125,169.25188506926096
2016-03-05,139.2607124034169,61.23507095093342,225.31159113406292
2016-03-06,100.80478089461572,16.546834801930864,183.6256252552184
2016-03-07,81.70629376997015,0.7633966542468201,167.7977118051533
2016-03-08,83.19241868533021,0.2503505984852828,159.59580481662542
2016-03-09,111.18322582469229,28.28551314465494,193.80948450055521
2016-03-10,105.11270649334945,17.704268962490044,188.01586008668184
2016-03-11,121.30360431080109,33.45061398372984,204.889109254857
2016-03-12,176.25572286798283,102.88408857263371,259.7005979778044
2016-03-13,136.18553158263126,52.26745369076478,216.31242170441845
2016-03-14,112.78472394080664,25.457612617045765,195.27831439293286
2016-03-15,111.31150507491195,31.72227089072806,192.2868349328241
2016-03-16,134.74040446226397,44.46003376660664,221.84315299949776
2016-03-17,119.00206671755541,43.63050530516689,207.82214012240095
2016-03-18,129.83998987195986,45.871175924530476,213.08370604528793
2016-03-19,184.3074220573436,98.51495013825064,271.56073445786615
2016-03-20,139.1939252711415,55.890837758911175,227.29697693888238
2016-03-21,112.76467122794445,30.44030341711441,196.0123429787937
2016-03-22,98.88934460550496,19.832992108134146,184.71502013065518
2016-03-23,119.3969119170337,27.760540456164584,192.2497045482837
2016-03-24,103.46389207279736,24.411744619662233,191.20815980481797
2016-03-25,111.16583262424099,27.246852070310293,193.28340139616958
2016-03-26,160.98706819690463,80.53053200233958,246.48731714106185
2016-03-27,115.3250501918694,31.774680591199434,202.5066329505307
2016-03-28,87.042295724057,4.703893662514287,172.08146476563488
2016-03-29,85.67411372338614,7.0007180668409,167.99076416145707
2016-03-30,106.62577136602813,31.858399460793198,190.41588888122953
2016-03-31,88.77271025287817,-0.7344950795815882,168.7949381783417
2016-04-01,97.81914909108784,15.970654661112503,184.5344728450736
2016-04-02,147.91884498841722,65.4299198247175,231.55308747817878
2016-04-03,104.31143585865307,25.395698169973034,185.5718905265825
2016-04-04,78.63014406436486,-2.564476408507455,165.20283914372476
2016-04-05,75.03930207731368,-12.968921671573408,155.8688972287027
2016-04-06,98.26012413910809,12.391279108258889,179.23701892556704
2016-04-07,83.87900300956403,-1.6016977836449635,164.80023245597246
2016-04-08,95.53238687920563,8.92294237682802,175.85316365924197
2016-04-09,147.18470711314603,62.360927677428975,227.16948074688017
2016-04-10,105.38151306004569,19.011629417662352,195.57274810705684
2016-04-11,94.84900833593076,7.0514676056864225,173.81172639919905
2016-04-12,94.66437940897532,7.5806191376426595,177.15922172957983
2016-04-13,120.33843116644636,35.02731629822073,202.27443260981323
2016-04-14,107.27782726517319,28.19329619091891,194.54834048569506
2016-04-15,154.02073868584358,67.33770184751452,244.76556757602296
2016-04-16,207.5649973586908,128.76817083699015,295.2303088359068
2016-04-17,167.17929727968945,86.5828639682645,248.1189811944387
2016-04-18,141.6649723327767,57.094123882125494,223.73777082626788
2016-04-19,150.87202579650028,68.13947177753137,237.35392371567636
2016-04-20,175.68253151230954,90.73494301262498,256.54910617272424
2016-04-21,159.602780680542,75.95617783357083,245.7235846113697
2016-04-22,169.99632185710863,81.73865734464748,253.46738466784842
2016-04-23,221.43760721119307,134.6222089332556,305.71494852053274
2016-04-24,179.10596997917062,94.44358835427701,262.8075375502536
2016-04-25,150.97393915673297,60.02584656675141,234.2470573969522
2016-04-26,138.04515581176935,52.91665151492977,221.9554991935018
2016-04-27,160.26239563041034,79.94312827319692,245.85721102917898
2016-04-28,142.9558598117755,61.25131230157618,230.59651750991952
2016-04-29,151.64889203133774,71.06924855201697,233.1894437119185
2016-04-30,199.4645316412662,108.19654226397641,284.45756879566727
2016-05-01,152.96937806033813,64.69508000255264,239.83681130092592
2016-05-02,126.64071171689291,46.48750679848243,208.0082879202226
2016-05-03,123.8862322735235,34.734357120943486,209.1000409829534
2016-05-04,145.98670513155724,59.46014467173576,218.22691203428062
2016-05-05,136.86408252132878,53.82036190712903,219.67500722184155
2016-05-06,141.2037090736323,59.63760949881074,224.94498837304624
2016-05-07,184.1344875807182,100.9498976278279,265.19282984857267
2016-05-08,135.4664463382063,54.80029805888761,219.5817960083514
2016-05-09,101.16639355412667,17.594104112033243,184.90219114651853
2016-05-10,92.23014443016766,3.231232765609497,175.24298193898883
2016-05-11,115.51496742137314,33.78826508130519,200.14173379727623
2016-05-12,87.76780370096029,5.20472915955271,173.99104940069157
2016-05-13,94.59111604613454,6.18770619984288,176.64757024137575
2016-05-14,144.577829926968,62.23546329143966,232.96500623475737
2016-05-15,127.14019830692149,43.59096622096569,208.85364283555086
2016-05-16,60.71194247196182,-20.497076044284327,145.3432725898794
2016-05-17,89.99990813389118,10.628256615710232,179.56433395004902
2016-05-18,111.87577495507583,30.201040260640422,200.1774472252835
2016-05-19,95.57983904083986,17.325808355012448,178.5414842023151
2016-05-20,106.39157511011916,29.5011963792927,185.2450431510436
2016-05-21,160.28857375230956,73.9061464693382,238.43366209514764
2016-05-22,115.76657779367534,41.880654594655184,198.3761512108502
2016-05-23,88.94499772880567,8.943645554585034,174.9231016881382
2016-05-24,91.32532180676327,5.783995977328976,168.1565137413912
2016-05-25,177.6820177830897,95.81531928465805,263.16905132478973
2016-05-26,163.88347840670983,77.01687611153922,249.85414864724396
2016-05-27,176.28256120558513,88.32550622307627,258.4031227008461
2016-05-28,229.59594291438435,148.54458982629797,315.4057967761689
2016-05-29,189.4314401152823,101.74838670721495,269.82367550340746
2016-05-30,164.54810925958822,81.70292517312824,242.0457372436179
2016-05-31,164.93948676299885,80.15044812815879,247.74136820858368
2016-06-01,189.95081168014832,106.59520157996069,271.04160156497585
2016-06-02,176.06247342754392,91.49265438625442,263.44210103905465
2016-06-03,189.84338380956407,105.62024688905858,271.3592508267827
2016-06-04,242.12042651581345,164.3530218147604,324.4253023656339
2016-06-05,199.1685937379811,114.7561263741554,281.15424313553245
2016-06-06,172.94686789697803,85.67896471190927,253.82954136224964
2016-06-07,171.74112440018473,84.77784126556972,256.1048197287594
2016-06-08,195.05042391444226,110.86593035739233,278.4634770090828
2016-06-09,179.23161459470313,99.45630119386163,263.5764538349812
2016-06-10,199.94515521833677,110.27827860772493,283.3381137418586
2016-06-11,251.54719448142595,177.19811589540632,333.29600192569023
2016-06-12,205.53992659750594,121.44555369232327,291.4676365291025
2016-06-13,174.62246066932468,89.79748986920079,258.95381452516085
2016-06-14,169.01310860605466,88.40965454064217,248.91037653529744
2016-06-15,189.291863784712,101.47072082546009,269.8797575700556
2016-06-16,175.61507103141855,89.74784096834922,265.3660846855369
2016-06-17,191.10923746178895,106.31044925145076,271.9115974777388
2016-06-18,235.76239148515634,154.48356597035806,316.60087256517323
2016-06-19,186.62259784656837,105.61846837122664,269.3756255970652
2016-06-20,141.36550098046573,54.365591909427394,223.20324488201672
2016-06-21,136.0896886926825,48.28602383512447,213.36083817390266
2016-06-22,177.70357151167084,93.237775705406,268.82749148363246
2016-06-23,167.57062323938453,87.05260119609893,241.96002757971127
2016-06-24,178.70053288400027,95.10648954303146,259.0667600003683
2016-06-25,226.41740238436955,145.8344896557387,315.3864373382749
2016-06-26,180.0257297168987,98.47430265874232,263.9389114473334
2016-06-27,147.99847133396486,67.36450002694515,232.53761796957278
2016-06-28,142.33273086510846,59.11960674306848,233.07508831829625
2016-06-29,162.6599638381317,77.81103033858194,249.3810348471935
2016-06-30,143.6854823015255,59.31779663250414,230.69359279885037
2016-07-01,150.34931324383052,74.1101554801963,236.71617775649295
2016-07-02,197.03964413148566,109.36183339060321,285.96631753897566
2016-07-03,150.98588548615442,64.28413610098373,232.73748335825223
2016-07-04,119.57211997708134,37.982292988682296,204.02523572093818
2016-07-05,122.75726773950083,38.378017817198554,208.22550162775656
2016-07-06,154.09773702616047,69.56522707482819,234.34823271310324
2016-07-07,137.16713715554172,48.91848140520537,221.31029377980914
2016-07-08,153.47019832103115,69.30507891286665,235.86557433976583
2016-07-09,204.34843727825506,120.81783191418107,284.8755492095515
2016-07-10,160.7512695051582,76.41535621167976,244.38592020129315
2016-07-11,130.6253192022084,50.4724548271783,214.04766432720584
2016-07-12,135.2565446446351,51.071769722207705,217.41692488630838
2016-07-13,154.63577875966334,67.19910962889924,237.11496113522
2016-07-14,136.8385171508339,60.94210497645035,215.4120666701141
2016-07-15,145.13374374131922,60.60812613830884,223.09849518301516
2016-07-16,192.29338066588713,111.51896630250938,278.4665596250646
2016-07-17,146.15204386178428,58.21702370689722,233.1610525451075
2016-07-18,125.58592060032235,40.51496887203185,210.04437027698646
2016-07-19,120.89718572341935,40.032429945769735,211.49958253935168
2016-07-20,139.4237785020356,61.332816284598415,225.48253912833044
2016-07-21,114.55267819722957,37.80210992079623,203.88849677518786
2016-07-22,123.05134749955758,34.87650078872243,205.12269100806668
2016-07-23,182.74714856381172,98.5767100575423,266.602432252398
2016-07-24,136.74415781385176,49.86183226768582,218.74272407613867
2016-07-25,105.76692232602085,23.239546083832128,198.4590298084884
2016-07-26,123.09543726969807,36.7204166131914,209.63357979779042
2016-07-27,149.19463805551925,66.53814913401547,230.04912450549605
2016-07-28,130.39296570442113,47.13308886639552,216.99484872962532
2016-07-29,154.76278953684226,68.56890500736058,236.86729700738337
2016-07-30,201.70991973555516,120.7709558479355,283.8194315015853
2016-07-31,155.32240767285015,74.90332544663379,234.51827827913252
2016-08-01,125.8508894869218,42.65439963753077,208.67249683934975
2016-08-02,122.1700022665348,42.28375160222197,207.19278204226714
2016-08-03,145.29488189296092,59.80112895848111,228.43387407163772
2016-08-04,129.34975410129584,42.955436257702914,216.7612418830285
2016-08-05,140.6335482731644,56.424022236728895,223.3207325021355
2016-08-06,193.09878784027546,107.29953897191352,283.3735302269573
2016-08-07,151.11708776734721,70.6849624247783,232.0328682926001
2016-08-08,123.53350174199056,41.236242926269426,207.93641921467227
2016-08-09,121.79109345675144,40.82689154378891,204.4794143622804
2016-08-10,146.86394211030384,62.18594072374068,226.5857453077082
2016-08-11,132.83505158428,48.79273974939976,218.13496649743237
2016-08-12,145.96309961423682,65.04208987952988,226.68653251494518
2016-08-13,200.16243206996845,120.7207480859975,280.35248395804825
2016-08-14,159.76960156838956,76.0491743872855,241.3208848361851
2016-08-15,133.59866360547602,49.218137754204776,222.56202386815366
2016-08-16,133.0665777883531,48.010238998235195,215.48142265727714
2016-08-17,159.12690088835248,72.57501324170839,240.2750424056785
2016-08-18,145.84822182904477,58.97362059222921,226.70000708074164
2016-08-19,159.481260195766,81.74192485343356,247.2361482892281
2016-08-20,213.93902369914264,127.60030722833977,298.1824301832338
2016-08-21,173.56331945035748,87.43721451333028,259.84277011072385
2016-08-22,147.17983333152068,59.32421359292253,226.05504982146564
2016-08-23,146.22313157786417,64.93006728104136,230.77906860203467
2016-08-24,171.66978309516477,87.11278711036978,255.04483457690066
2016-08-25,157.61606936990495,71.01331127475457,237.60107600528647
2016-08-26,170.3442247830313,91.08404831159122,258.39917738817115
2016-08-27,223.80162786488347,140.11704968115058,306.8730792227363
2016-08-28,182.3662666358606,103.3636613193518,262.505524223733
2016-08-29,154.90072297681792,71.5817158798364,230.53229798366473
2016-08-30,152.87606231513956,68.42855393327143,239.41046197343724
2016-08-31,177.30385990329495,96.38474365428064,263.46844675559396
2016-09-01,162.31286294786688,77.84367840259345,251.39431272984996
2016-09-02,174.2142625114927,91.97543944080701,261.1531544140184
2016-09-03,226.98002464112426,142.0717069864811,310.82023327200875
2016-09-04,185.00762974098228,103.7522081255825,270.34933090940655
2016-09-05,157.17348720643628,76.20868918409812,246.26347163765615
2016-09-06,154.95642919921576,72.63902348318466,237.15600588831055
2016-09-07,179.36952743640927,90.43882647604737,257.7330121257352
2016-09-08,164.53673943477565,87.12126899342816,240.50634673362657
2016-09-09,176.7583596633824,88.67864235469254,259.19462834107884
2016-09-10,229.9897208484629,142.64490969669203,307.8564743185151
2016-09-11,188.60648456810245,105.37728037204563,275.9388744398655
2016-09-12,161.4587728499771,76.39883626467304,243.00894818194368
2016-09-13,159.99552431330588,73.01676259715039,244.54147676223346
2016-09-14,185.1972939024295,91.64898998784938,260.31461113209986
2016-09-15,171.15397401281052,88.96898950523057,259.5076043065966
2016-09-16,184.13138080559088,103.95770585040762,264.2054661450072
2016-09-17,238.05111715824614,152.36859686338516,316.1536938724289
2016-09-18,197.25701641883154,111.60187387404468,286.09521808314537
2016-09-19,170.5703835215397,84.40991940604606,252.03911605079782
2016-09-20,169.41538268778177,79.77853059308443,256.07070055663814
2016-09-21,194.75275827852607,106.67249474994121,280.24716345713455
2016-09-22,180.65833691377202,100.65511101745834,267.4761698599975
2016-09-23,193.39022866025599,104.05337748934024,280.3682047291227
2016-09-24,246.86911722539452,168.47233439762576,325.35022035653657
2016-09-25,205.44492698514358,119.5285416496536,289.97168872637917
2016-09-26,177.95207276494295,95.47278573570443,266.06343011035995
2016-09-27,175.8346370621169,91.84834425475941,260.55756669068563
2016-09-28,200.07966304346849,115.44710303097516,287.06082776840026
2016-09-29,184.79501956620263,104.54248603113392,264.93257969231
2016-09-30,196.27577037154202,108.65658045034961,278.2024451608757
2016-10-01,248.4834576501608,169.6783724062688,329.4488234302363
2016-10-02,205.81161348981755,124.30807171729292,289.7409568736486
2016-10-03,177.13973560183888,97.05930119655066,260.9085811236149
2016-10-04,173.95710648197192,94.61320879230466,254.74615761850748
2016-10-05,197.2946819118689,119.57938848246688,277.9904271190357
2016-10-06,181.30154470388948,96.15222764738611,268.91138980986983
2016-10-07,192.309896506903,108.04392204878795,269.75954618246243
2016-10-08,244.3130384273181,155.9965532968146,334.7877003390783
2016-10-09,201.72969328631044,114.31959348533562,286.6812220659031
2016-10-10,173.456942854127,94.43124843387669,254.94604141309102
2016-10-11,170.9931927316553,88.52110934527417,249.66858169922895
2016-10-12,195.36941988006654,112.52470542204392,276.7704746597878
2016-10-13,180.7252224889962,95.30723453140455,262.36651803292364
2016-10-14,193.3736627384045,107.50724645051571,276.41455091622066
2016-10-15,247.2793642964939,166.18981565762064,334.991781462567
2016-10-16,206.8232213900912,117.09959934476369,289.72477921756666
2016-10-17,180.85598949441675,95.32784141703935,263.28783853558525
2016-10-18,180.82215967458103,94.84405109336629,260.29925027872997
2016-10-19,207.69235373670966,119.5248687754512,293.1747786860626
2016-10-20,195.5407352109144,117.15916460478367,280.0464419495339
2016-10-21,210.61139574565254,121.36592159920126,293.3788159730511
2016-10-22,266.79814221091834,186.1320868474691,349.63267824784486
2016-10-23,228.41100010325442,149.43360764527972,311.6647343709234
2016-10-24,204.23165838409102,117.85292658433286,287.5686932057618
2016-10-25,205.63921032032454,116.27850444938012,290.30926048904877
2016-10-26,233.5443786982353,147.9829119902363,316.9396457746781
2016-10-27,221.96867158495058,139.48570602609377,305.3810663184823
2016-10-28,237.11238059785248,150.3415502282578,317.2081253625444
2016-10-29,292.8358018640828,208.20823587792876,371.99361492929785
